[
  {
    "id": "5aacb486-5b4f-495c-9bcc-d16947e94a0e",
    "data": [
      {
        "text": "interest",
        "userDefined": false
      }
    ],
    "isTemplate": false,
    "count": 0,
    "lang": "en",
    "updated": 0
  },
  {
    "id": "449df7da-d39a-4636-a29c-bf288d1af7c6",
    "data": [
      {
        "text": "tell me about your interests",
        "userDefined": false
      }
    ],
    "isTemplate": false,
    "count": 0,
    "lang": "en",
    "updated": 0
  },
  {
    "id": "35fb75bb-8971-494d-8d56-9ac4b3dbb093",
    "data": [
      {
        "text": "What are your interests",
        "userDefined": false
      }
    ],
    "isTemplate": false,
    "count": 0,
    "lang": "en",
    "updated": 0
  }
]