[
  {
    "id": "bfaf75eb-0b7a-41b7-9075-1a9e3c0dea8d",
    "data": [
      {
        "text": "Studies",
        "userDefined": false
      }
    ],
    "isTemplate": false,
    "count": 0,
    "lang": "en",
    "updated": 0
  },
  {
    "id": "1550e60e-0be4-422e-9737-d4d7c57ade4e",
    "data": [
      {
        "text": "education qualifications",
        "userDefined": false
      }
    ],
    "isTemplate": false,
    "count": 0,
    "lang": "en",
    "updated": 0
  },
  {
    "id": "ebe19ca7-9049-4709-bf22-f474a164d9c5",
    "data": [
      {
        "text": "Tell me about your education",
        "userDefined": false
      }
    ],
    "isTemplate": false,
    "count": 0,
    "lang": "en",
    "updated": 0
  }
]