[
  {
    "id": "29a5498f-8d68-4380-8ba8-86f8ed6c2c75",
    "data": [
      {
        "text": "tell about yourself",
        "userDefined": false
      }
    ],
    "isTemplate": false,
    "count": 0,
    "lang": "en",
    "updated": 0
  },
  {
    "id": "3ad76c0a-4340-4634-8775-019eadfe4e6a",
    "data": [
      {
        "text": "About",
        "userDefined": false
      }
    ],
    "isTemplate": false,
    "count": 0,
    "lang": "en",
    "updated": 0
  },
  {
    "id": "2fa5e109-d29d-481a-978e-e0162da47026",
    "data": [
      {
        "text": "Intro",
        "userDefined": false
      }
    ],
    "isTemplate": false,
    "count": 0,
    "lang": "en",
    "updated": 0
  },
  {
    "id": "65e44ba0-2ef3-4d13-8793-4f84234997e6",
    "data": [
      {
        "text": "Describe yourself",
        "userDefined": false
      }
    ],
    "isTemplate": false,
    "count": 0,
    "lang": "en",
    "updated": 0
  },
  {
    "id": "7f8c215e-0d4a-4f3e-9c15-3950715405a4",
    "data": [
      {
        "text": "Introduction",
        "userDefined": false
      }
    ],
    "isTemplate": false,
    "count": 0,
    "lang": "en",
    "updated": 0
  }
]