[
  {
    "id": "a8e0aeae-b4c1-48f8-bb93-f086c63f4acf",
    "data": [
      {
        "text": "programming",
        "userDefined": false
      }
    ],
    "isTemplate": false,
    "count": 0,
    "lang": "en",
    "updated": 0
  },
  {
    "id": "773a2b12-01cc-421f-bd59-0122c1ead3e6",
    "data": [
      {
        "text": "scripting languages",
        "userDefined": false
      }
    ],
    "isTemplate": false,
    "count": 0,
    "lang": "en",
    "updated": 0
  },
  {
    "id": "f83a6f41-0660-43ff-bf36-157942ce6ee4",
    "data": [
      {
        "text": "programming languages",
        "userDefined": false
      }
    ],
    "isTemplate": false,
    "count": 0,
    "lang": "en",
    "updated": 0
  },
  {
    "id": "74af15fd-c42d-4caa-a451-e579c8c6e6e2",
    "data": [
      {
        "text": "experience",
        "userDefined": false
      }
    ],
    "isTemplate": false,
    "count": 0,
    "lang": "en",
    "updated": 0
  },
  {
    "id": "73e5d954-1d07-4e2b-90b4-31c0b7ab7eb6",
    "data": [
      {
        "text": "What are your expertise",
        "userDefined": false
      }
    ],
    "isTemplate": false,
    "count": 0,
    "lang": "en",
    "updated": 0
  }
]