[
  {
    "id": "191c7b26-b85b-4716-a0e1-4983471b55ba",
    "data": [
      {
        "text": "what do you know",
        "userDefined": false
      }
    ],
    "isTemplate": false,
    "count": 0,
    "lang": "en",
    "updated": 0
  },
  {
    "id": "2c450505-94dc-46ea-9946-d9c33ea1beb7",
    "data": [
      {
        "text": "Talents",
        "userDefined": false
      }
    ],
    "isTemplate": false,
    "count": 0,
    "lang": "en",
    "updated": 0
  },
  {
    "id": "e68282c2-ce59-44e3-b279-c5b4bbb6c8c2",
    "data": [
      {
        "text": "What are your skills",
        "userDefined": false
      }
    ],
    "isTemplate": false,
    "count": 0,
    "lang": "en",
    "updated": 0
  },
  {
    "id": "56138c13-0766-4183-b610-42cdb1eec63f",
    "data": [
      {
        "text": "Skills",
        "userDefined": false
      }
    ],
    "isTemplate": false,
    "count": 0,
    "lang": "en",
    "updated": 0
  }
]